user_input,retrieved_contexts,response,reference,answer_relevancy,answer_correctness,answer_similarity
¿Qué obligaciones tiene el responsable del tratamiento para garantizar que los datos personales no se conserven más tiempo del necesario?,['El responsable del tratamiento debe establecer plazos para la supresión o revisión periódica de los datos personales y tomar todas las medidas razonables para garantizar que se rectifiquen o supriman los datos personales que sean inexactos.'],"El responsable del tratamiento tiene la obligación de garantizar que los datos personales no se conserven más tiempo del necesario, es decir, debe establecer un plazo razonable para la eliminación de los datos personales, teniendo en cuenta el propósito del tratamiento, el tipo de datos personales tratados, las obligaciones legales del responsable, la duración necesaria para cumplir con los objetivos del tratamiento, y cualquier otro factor relevante. Además, el responsable debe mantener un registro de estos plazos para poder justificar, en caso de necesidad, la prolongación del plazo de conservación de los datos personales (Artículo 5.5 del RGPD)",El responsable del tratamiento debe establecer plazos para la supresión o revisión periódica de los datos personales y tomar todas las medidas razonables para garantizar que se rectifiquen o supriman los datos personales que sean inexactos.,,,
¿Qué se entiende por 'protección efectiva de los datos personales' en el Reglamento General de Protección de Datos (RGPD)?,['La protección efectiva de los datos personales en la Unión exige que se refuercen y especifiquen los derechos de los interesados y las obligaciones de quienes tratan y determinan el tratamiento de los datos de carácter personal.'],"En el RGPD, la protección efectiva de los datos personales se refiere a la medida en que las medidas técnicas y organizativas aplicadas garantizan que los datos personales no sean tratados de forma ilícita y no se violen las normas del RGPD. Esto implica que los datos personales no deben ser perdidos, dañados, alterados, transmitidos o accedidos de forma ilícita, asimismo que se garantice la recuperación de los datos personales y su accesibilidad en un plazo razonable después de un incidente de tratamiento no autorizado, y que se realice un registro adecuado de las actividades de tratamiento

(Ley 3/2016, de 17 de marzo, de protección de datos personales en España, que transpone el Reglamento General de Protección de Datos del Parlamento Europeo y del Consejo, de 14 de abril de 2016, D.Legis. 2016/679 del Parlamento Europeo y del Consejo, de 27 de abril de 2016, recogido en el art. 32.2 del RGPD)",La protección efectiva de los datos personales en la Unión exige que se refuercen y especifiquen los derechos de los interesados y las obligaciones de quienes tratan y determinan el tratamiento de los datos de carácter personal.,,,
¿Qué tipo de situaciones específicas de tratamiento están permitidas por el Reglamento General de Protección de Datos (RGPD)?,"['El Reglamento General de Protección de Datos (RGPD) permite que los Estados miembros determinen las circunstancias relativas a situaciones específicas de tratamiento, incluida la indicación pormenorizada de las condiciones en las que el tratamiento de datos personales es lícito.']","El RGPD establece que el tratamiento de datos personales puede ser permitido en situaciones específicas, concretamente en los casos en que el tratamiento sea necesario para el cumplimiento de una misión realizada en interés público o en el ejercicio de poderes públicos conferidos al responsable del tratamiento, o en la satisfacción de necesidades legítimas de la persona física a la que se comunican sus datos, en particular con fines sanitarios, en el ámbito sanitario o de seguridad, incluida la protección contra las amenazas a la seguridad pública y su prevención, o en el marco de procedimientos jurídicos, incluida la presentación de denuncias o la iniciación de investigaciones oficiales, y su ejecución, incluida la elaboración de actos jurídicos predeterminados. (Artículo 5.1.e) del RGPD)

Algunos ejemplos de situaciones específicas de tratamiento permitidas son:

* Tratamientos realizados en interés público, como la protección sanitaria, la seguridad pública, la prevención de delitos y la investigación de los mismos
* Tratamientos necesarios para el cumplimiento de una","El Reglamento General de Protección de Datos (RGPD) permite que los Estados miembros determinen las circunstancias relativas a situaciones específicas de tratamiento, incluida la indicación pormenorizada de las condiciones en las que el tratamiento de datos personales es lícito.",,,
"¿Qué obligaciones tienen los Estados miembros en relación con el tratamiento de datos genéticos, biométricos o relativos a la salud?","['Los Estados miembros deben estar facultados para mantener o introducir otras condiciones, incluidas limitaciones, con respecto al tratamiento de datos genéticos, datos biométricos o datos relativos a la salud.']","Los Estados miembros tienen la obligación de limitar aún más el tratamiento de datos personales, estableciendo especificaciones adicionales para el tratamiento de datos genéticos, biométricos o relativos a la salud. Esto incluye la obligación de requerir el consentimiento explícito del interesado, establecer especificaciones para la tratamiento de datos personales relativos a la salud por parte de personas autorizadas, como profesionales de la medicina, y establecer medidas específicas para garantizar que se cumplan las normas del RGPD en el tratamiento de dichos datos

(Artículo 9.4 del Reglamento General de Protección de Datos (RGPD) de la Unión Europea)","Los Estados miembros deben estar facultados para mantener o introducir otras condiciones, incluidas limitaciones, con respecto al tratamiento de datos genéticos, datos biométricos o datos relativos a la salud.",,,
¿En qué casos aplica la autoridad de control del encargado como autoridad de control interesada en el RGPD?,"['La autoridad de control del encargado se considera autoridad de control interesada cuando implique tanto al responsable como al encargado, y debe participar en el procedimiento de cooperación establecido en el presente Reglamento.']","El encargado puede ser considerado una autoridad de control interesada en los siguientes casos establecidos en el RGPD:

* Cuando el tratamiento de datos personales por el encargado se realiza con base en la normativa de un Estado miembro que sea de aplicación al encargado, o

* Cuando el encargado esté sujeto a una normativa específica de un Estado miembro que impida la aplicación de la normativa general del RGPD en lo que respecta al tratamiento de datos personales por parte del encargado

En estos casos, el encargado debe ser considerado una autoridad de control interesada y, por lo tanto, debe cumplir con las obligaciones establecidas en el RGPD que incumben a las autoridades de control. (Artículo 4.7 del RGPD)","La autoridad de control del encargado se considera autoridad de control interesada cuando implique tanto al responsable como al encargado, y debe participar en el procedimiento de cooperación establecido en el presente Reglamento.",,,
¿Qué obligaciones tiene el responsable del tratamiento de datos personales según el Reglamento General de Protección de Datos (RGPD)?,"['El responsable del tratamiento debe estar obligado a aplicar medidas oportunas y eficaces, demostrar la conformidad de las actividades de tratamiento con el presente Reglamento, incluida la eficacia de las medidas. Dichas medidas deben tener en cuenta la naturaleza, el ámbito, el contexto y los fines del tratamiento así como el riesgo para los derechos y libertades de las personas físicas.']","Según el Reglamento General de Protección de Datos (RGPD), los responsables del tratamiento de datos personales tienen las siguientes obligaciones:

1. Informar a los interesados sobre el tratamiento de sus datos personales (artículo 13 y 14 del RGPD)

* Comunicar la identidad del responsable del tratamiento y de los encargados autorizados a tratar datos personales

* Indicar las finalidades del tratamiento y las bases jurídicas que lo rigen

* Informar sobre la transferencia de datos a un tercer país o organización internacional

* Proporcionar información sobre la protección aplicable en caso de tratamiento automático, incluida la lógica utilizada cuando el tratamiento se realice con el apoyo de un sistema automático, y sobre sus consecuencias expectativas

2. Ser capaz de demostrar el cumplimiento de las normas de protección de datos 4.4.2016 L 119/9 Diario Oficial de la Unión Europea ES

3. Mantener un registro de todas las operaciones de tratamiento, que incluya, al menos, las finalidades del tratamiento, las categorías de datos personales afectados,","El responsable del tratamiento debe estar obligado a aplicar medidas oportunas y eficaces, demostrar la conformidad de las actividades de tratamiento con el presente Reglamento, incluida la eficacia de las medidas. Dichas medidas deben tener en cuenta la naturaleza, el ámbito, el contexto y los fines del tratamiento así como el riesgo para los derechos y libertades de las personas físicas.",,,
¿Qué se entiende por información sobre una persona física identificable en el RGPD?,"['Se entiende como cualquier dato que, mediante la utilización de información adicional, pueda ser atribuido a una persona física. Esto incluye datos personales seudonimizados que razonablemente puedan ser utilizados para identificar directa o indirectamente a la persona física.']","En el RGPD, se entiende por información sobre una persona física identificable cualquier datos personales que permitan identificar a una persona física, ya sea directamente o indirectamente, teniendo en cuenta el contexto en el que se tratan los datos personales. Esto incluye, por ejemplo, información que, combinada con datos públicos, permitiera identificar a la persona física, o cualquier dato que, por su naturaleza, tenga una relación con una persona física concreta, como un número de identificación, una dirección, una fecha de nacimiento, una foto, una huella digital, etc. (Artículo 4.1 del RGPD)","Se entiende como cualquier dato que, mediante la utilización de información adicional, pueda ser atribuido a una persona física. Esto incluye datos personales seudonimizados que razonablemente puedan ser utilizados para identificar directa o indirectamente a la persona física.",,,
¿Qué obligaciones tiene el responsable del tratamiento que haya hecho públicos datos personales en relación con la supresión de estos datos?,"['El responsable del tratamiento debe indicar a los responsables del tratamiento que estén tratando tales datos personales que supriman todo enlace a ellos, o las copias o réplicas de tales datos, y tomar medidas razonables para informar de la solicitud del interesado a los responsables que estén tratando los datos personales.']","According to Article 32(1) of the General Data Protection Regulation (GDPR), the responsible party that has made public the personal data must, as a matter of necessity, take appropriate measures to enable the data subject to exercise his or her right to have his or her personal data erased and/or to obtain the portability of his or her data, including informing a third party of his or her request to erase or receive the personal data. Additionally, the responsible party must provide the data subject with clear and user-friendly interfaces enabling him or her to exercise the rights provided in this Regulation, including the right to receive his or her personal data from the controller, a right to have it erased, a right to have it transferred to a third party, a right to object to its use of personalised advertising, and a right to have it ported to another controller set by the data subject

(Fuente: Reglamento General de Protección de Datos (RGPD) de la Unión Europea, 2016/679 del Parlamento Europeo y del Consejo, de 27 de abril, concerniente a la protección de las personas físicas en lo que respecta al tratamiento de datos personales en la llevanza de actividades de los responsables estable","El responsable del tratamiento debe indicar a los responsables del tratamiento que estén tratando tales datos personales que supriman todo enlace a ellos, o las copias o réplicas de tales datos, y tomar medidas razonables para informar de la solicitud del interesado a los responsables que estén tratando los datos personales.",,,
¿Qué se entiende por consentimiento en el contexto del RGPD?,"['El consentimiento debe darse para todas las actividades de tratamiento realizadas con el mismo o los mismos fines. Cuando el tratamiento tenga varios fines, debe darse el consentimiento para todos ellos.']","En el contexto del RGPD, el consentimiento se refiere al libre y específico acto por el que el interesado acepta que se utilicen sus datos personales para determinadas finalidades. El consentimiento debe darse mediante una declaración expresa por escritura, incluidas declaraciones verbales que se registren, o por una declaración o comportamiento claro que indique una manifestación de voluntad en la medida en que corresponda, teniendo en cuenta la tecnología disponible. El consentimiento debe ser información, libre, específico, informado, explícito y activo, y debe ser dado cuando sea necesario, por ejemplo, en el momento en que se solicite la información. Además, el consentimiento debe ser fácilmente withdrawable si el interesado lo desea. El consentimiento no debe ser obligatorio para cumplir con una misión específica en interés público o en el ejercicio de poderes públicos conferidos al responsable del tratamiento (Art. 4.1.4 RGPD)","El consentimiento debe darse para todas las actividades de tratamiento realizadas con el mismo o los mismos fines. Cuando el tratamiento tenga varios fines, debe darse el consentimiento para todos ellos.",,,
¿Qué situaciones específicas contempla el Reglamento para permitir el tratamiento de datos personales?,"['El Reglamento contempla situaciones específicas que permiten el tratamiento de datos personales, como la obligación legal o la misión realizada en interés público o en el ejercicio de poderes públicos conferidos al responsable del tratamiento.']","El Reglamento General de Protección de Datos (RGPD) establece las siguientes situaciones específicas en las que se permite el tratamiento de datos personales:

1. Protección de los intereses vitales: cuando el tratamiento es necesario para proteger los intereses vitales del interesado o de otro físico, en particular la protección contra las amenazas a la vida o la salud grave y inmediata, siempre que el interesado no manifieste una oposición claramente expresada, o no esté físicamente capacitado para oponerse al tratamiento, o no esté en condiciones de oponerse por otro motivo, debiendo en tal caso el responsable del tratamiento tener en cuenta cualquier oposición explícita del interesado que pueda formular en un futuro

2. Protección de intereses importantes: cuando el tratamiento es necesario para proteger intereses importantes, como la seguridad pública y la prevención, investigación y enjuiciamiento de infracciones penales o ejecución de sanciones penales, inclusive la protección frente a las amenazas a la seguridad pública y su prevención

3. Realización de tareas de interés público o de un interés importante para la","El Reglamento contempla situaciones específicas que permiten el tratamiento de datos personales, como la obligación legal o la misión realizada en interés público o en el ejercicio de poderes públicos conferidos al responsable del tratamiento.",,,
¿Qué se entiende por 'flujos transfronterizos de datos personales' en el contexto del Reglamento General de Protección de Datos (RGPD)?,"['Se refiere a un aumento sustancial de los intercambios de datos personales entre operadores públicos y privados, incluyendo personas físicas, asociaciones y empresas, dentro de la Unión Europea.']","En el RGPD, se entienden por 'flujos transfronterizos de datos personales' los movimientos de datos personales dentro de la Unión Europea entre un responsable del tratamiento o un encarguado establecido en la Unión y otro responsable del tratamiento o un encarguado establecido en un Estado miembro determinado. Esto incluye tanto la transferencia de datos personales de un Estado miembro a otro como la transferencia de datos personales de un responsable del tratamiento establecido en un Estado miembro a otro responsable del tratamiento establecido en otro Estado miembro. Los flujos transfronterizos de datos personales también se producen cuando los datos personales se almacenan en servidores o se tratan en otros medios electrónicos en un Estado miembro por un responsable del tratamiento establecido en otro Estado miembro. (Artículo 3.1.e) RGPD)","Se refiere a un aumento sustancial de los intercambios de datos personales entre operadores públicos y privados, incluyendo personas físicas, asociaciones y empresas, dentro de la Unión Europea.",,,
¿Quién es el responsable de especificar las operaciones de tratamiento y los procedimientos de tratamiento en relación con el tratamiento de datos personales por los tribunales y otras autoridades judiciales?,['En virtud del Derecho de la Unión o de los Estados miembros'],"According to the General Data Protection Regulation (GDPR), the responsible authority is the one that specifies the operations of treatment and the procedures of treatment in relation to the processing of personal data by the courts and other judicial authorities. This responsibility typically lies with the national data protection authority (DPA) of the Member State concerned. The DPA is responsible for ensuring that the processing of personal data by the courts and other judicial authorities is compliant with the GDPR.",En virtud del Derecho de la Unión o de los Estados miembros,,,
¿Qué se entiende por protección de las personas físicas en relación con el tratamiento de datos personales?,['La protección de las personas físicas en relación con el tratamiento de datos personales es un derecho fundamental.'],"El concepto de protección de las personas físicas en relación con el tratamiento de datos personales se refiere a la garantía de que los datos personales no se tratan de forma que contravenga el Reglamento General de Protección de Datos (RGPD) de la Unión Europea. Esto implica que los datos personales deben tratarse de forma lícita, leal y transparente para las personas físicas interesadas, y que se adopten medidas adecuadas para garantizar que los datos personales sean accedidos únicamente por aquellos que lo necesiten en el marco de una actividad profesional, dentro del ámbito del que se tratan los datos personales, en el marco de una misión específica y en el interés legítimo de la persona física interesada o de un tercero

La protección de las personas físicas también implica que se les proporcione el control sobre sus datos personales, se les informe de forma clara y explícita de cuando se están tratando, se les ofrezcan oportunidades razonables de eliminar o corregir sus datos personales, se les proteja contra el tratamiento no autorizado",La protección de las personas físicas en relación con el tratamiento de datos personales es un derecho fundamental.,,,
¿Qué factores pueden revelar que el responsable del tratamiento proyecta ofrecer bienes o servicios a interesados en la Unión?,"['El uso de una lengua o una moneda utilizada generalmente en uno o varios Estados miembros con la posibilidad de encargar bienes y servicios en esa otra lengua, o la mención de clientes o usuarios que residen en la Unión.']","According to Article 4(11) of the General Data Protection Regulation (GDPR), the factors that may reveal that the data controller projects offering goods or services to interested parties in the Union are:

* The data controller is offering goods or services remotely to interested parties in the Union;
* The data controller is addressing to the public in a Member State;
* The data controller has specified its offering in a language commonly used in one of the Member States;
* The data controller has a legal representative or a nominated representative in one of the Member States;
* The data controller has referred to the internal data protection legislation of the Union;
* The data controller has indicated that it is in the data subject's interest to use such goods or services.

These factors can indicate that the data controller is targeting individuals in the Union and, therefore, is required to comply with the GDPR.","El uso de una lengua o una moneda utilizada generalmente en uno o varios Estados miembros con la posibilidad de encargar bienes y servicios en esa otra lengua, o la mención de clientes o usuarios que residen en la Unión.",,,
